{
  "drawflow": {
    "Home": {
      "data": {
        "1": {
          "id": 1,
          "name": "extract.http",
          "data": {
            "type": "extract.http",
            "config": {
              "api_source_id": "8",
              "path": "/forecast?latitude=52.52&longitude=13.41&hourly=temperature_2m",
              "method": "GET",
              "timeout": 30,
              "headers": {},
              "params": {}
            }
          },
          "class": "extract.http",
          "html": "<div>\n        <strong>extract.http</strong>\n        <div style=\"font-size:11px;color:#666\">Double-click to configure</div>\n     </div>",
          "typenode": false,
          "inputs": {
            "input_1": {
              "connections": []
            }
          },
          "outputs": {
            "output_1": {
              "connections": []
            }
          },
          "pos_x": 100,
          "pos_y": 100
        }
      }
    }
  },
  "name": "workflow"
}