{
  "drawflow": {
    "Home": {
      "data": {
        "1": {
          "class": "extract.sql",
          "data": {
            "config": {
              "db_source_id": "3",
              "query": "SELECT o.id AS order_id, c.name AS customer_name, c.email AS customer_email, o.total AS order_total, oi.quantity AS product_quantity, p.name AS product_name, p.price AS product_price, o.created_at AS order_date FROM public.orders o JOIN public.customers c ON o.customer_id = c.id JOIN public.order_items oi ON o.id = oi.order_id JOIN public.products p ON oi.product_id = p.id LIMIT 500\n"
            },
            "type": "extract.sql"
          },
          "html": "<div>\n        <strong>extract.sql</strong>\n        <div style=\"font-size:11px;color:#666\">Double-click to configure</div>\n     </div>",
          "id": 1,
          "inputs": {
            "input_1": {
              "connections": []
            }
          },
          "name": "extract.sql",
          "outputs": {
            "output_1": {
              "connections": [
                {
                  "node": "4",
                  "output": "input_1"
                }
              ]
            }
          },
          "pos_x": 100,
          "pos_y": 100,
          "typenode": false
        },
        "4": {
          "class": "load.warehouse",
          "data": {
            "config": {
              "add_columns_if_missing": true,
              "create_table_if_missing": true,
              "mode": "append",
              "schema": "public",
              "table": "orders_test",
              "warehouse_source_id": "3"
            },
            "type": "load.warehouse"
          },
          "html": "<div>\n        <strong>load.warehouse</strong>\n        <div style=\"font-size:11px;color:#666\">Double-click to configure</div>\n     </div>",
          "id": 4,
          "inputs": {
            "input_1": {
              "connections": [
                {
                  "node": "1",
                  "input": "output_1"
                }
              ]
            }
          },
          "name": "load.warehouse",
          "outputs": {
            "output_1": {
              "connections": []
            }
          },
          "pos_x": 740,
          "pos_y": 106,
          "typenode": false
        }
      }
    }
  },
  "name": "workflow"
}